id,name
e592663f-0f1d-47f3-b0a4-eaa22628450e,Membership Contract
3b79d893-2240-4ba9-a927-609da4ffbfda,Non-Disclosure Agreement
864d2a2f-3ead-4f87-91e2-73fb12afb9d7,General Liability Insurance
281682ad-bbc1-4ea3-b10f-52d06efd5475,Food Safe Certificate
78f854d0-3811-40b4-9169-a0a8ee97a31b,Food Safety Plan
5fb94108-09cc-442f-a3b6-8d58606b9957,Ingredient List
d0ed0284-cb1b-47c6-a0bb-6d6dfffe9e04,Driver's License
1bc6ee99-4cc6-47b1-bec1-ca6b88a2a290,Business License
4112663f-0f1d-47f3-b0a4-eaa226284411,Other
2bd6ee88-4cc6-47b1-bec1-ca6b88a2a288,Business Registry
